IC_COOP2,IC_TMPavg,IC_TMPsd,IC_TMPcv,IC_TMPprd_Ent,IC_TMPprd_Fix,IC_TMPprd_Dym,IC_PREavg,IC_PREsd,IC_PREcv,IC_PREprd_Ent,IC_PREprd_Fix,IC_PREprd_Dym
-0.0126391375149616,0.794697135075119,-0.355943294660676,-0.0980446428087865,-0.0114648925130938,0.0103242898188769,-0.0060834419247197,8.99945633642443,5.84004635171146,0.00969042125344389,0.00938015716939331,-0.00417644568800215,0.0136863186562412
0,0.519955631078455,-0.152384933293958,-0.00965577148354978,-0.00854459143187144,0.00992398735809284,0.00264384219192434,19.2283960459912,8.86177586179534,-0.0325307539267213,-0.0181237298084089,0.00854459143187144,-0.0063605478820209
0,-0.0273492285713013,0.228944922610679,0.0130873609114202,0.0188760013145484,-0.00327184022785507,0.0121645341804868,-1.49179135722356,-1.42971028623349,0.000922826730933471,0.0205538680980639,0.00293626687115198,0.00385909360208545
-0.0222541733000499,-0.259721299522228,0.124775686261329,0.0184978513565116,0.00426807728170242,-0.00459642571772367,-0.000367669092677311,-0.378535245813107,1.06912940501463,0.0101862606006534,-0.00821303562887322,-0.0119336462843987,-0.0142141746817888
0,0.45197568715462,-0.245112955451109,-0.0779400947424013,-0.00247681294747806,0.0042881758753513,-0.00450315266950597,1.54169776163303,4.2667588930835,0.0363817569683007,0.00238884408737825,-0.0122258802517124,0.0028942161615002
0,-1.16737430642069,0.277052999110655,0.113620451491584,-0.0038265820712723,-0.01018066962531,0.0021536050348645,-3.65498612806249,-2.2877462544309,0.00928004262266712,0.0110750411758454,0.00185181758407456,0.00492524573490979
0,1.5211565417764,-1.13513250262674,-0.391750683113144,-0.0148775368167235,0.0214591043435206,-0.0239620867716715,5.34664291491525,13.9030265166042,0.126313978577318,0.0223805129479879,-0.0290279818396366,0.0420968225654755
0,-0.15968269407256,-0.213251889811098,-0.0459445738376248,-0.0125533278358114,-0.00724697024013676,0.000842443316439929,-5.64258290900056,-6.0765424536264,-0.038336242272275,-0.0417481357634025,0.00114138517071468,0.00242185230852426
0,0.847767457611407,-0.0874903502060337,-0.525721872628413,0.00904534814964343,0.015907336401097,0.00467862835326384,3.13280954534547,9.41137284114709,0.131313502448272,0.0233931417663192,-0.0428874265715852,-0.00514649118859022
0,0.555286573889479,1.39036632743234,0.0930596415312566,0.00737106071534707,-0.0233416922652657,0.0178133967287554,2.71255034324772,-7.70920812566361,-0.165234611035697,0.0257987125037147,0.0635753986698684,0.0248773299142963
0,0.856723686581215,-0.324897352018792,-0.358149681569202,0.000498760328108217,0.00780786048979836,-0.000939352002870672,-1.99752037276229,-1.45332537477328,-0.0239370427058674,-0.030440459647344,-0.000941535078639792,0.00213005256223382
0,0.847487752995977,-1.2788991610538,-0.175902194607999,-0.00766753155983588,0.027512907361764,-0.00969717226685125,-2.03437653533175,0.00202964070701546,0.0166881569243487,-0.00676546902338459,-0.0121778442420923,0.0045103126822564
0,-1.8845844462225,2.13739629769498,1.28649648782096,0.00271533362237262,-0.0364426354581585,0.0141483172955204,-14.8990355859585,-2.78950510395215,0.0807454471916063,0.0274391608155547,-0.0291541083665269,-0.000857473775486085
0,-0.209965436503257,0.135427706544601,0.475571713679878,0.000699884788344192,0.00104982718251629,0.00139976957668838,-0.956392563272336,-1.45261087820837,-0.0174971197086048,-0.00104982718251627,0.00524913591258144,-0.0122479837960233
0,-0.680316889605893,0.897200617695716,0.14533702698433,-0.000747874924447666,-0.0344022465245926,0.00174504149037789,-21.2376535211818,-5.38968528885284,0.05658920261654,0.0650651184269469,-0.0137110402815405,0.0196940396771219
-0.0249235967565894,-0.994336398219166,0.365887775577769,0.175664545977422,-0.00295960405161629,-0.0154464808286974,-5.2633442707824e-06,-2.98054755909956,-2.25245287952311,-0.0130400796182118,-0.0230640419931755,-0.0176378536179262,-0.0211619961607027
-0.0175850998183496,-0.283649301319513,-0.109031749810301,-0.0892237213704524,0.00354805756648596,-0.000876914724291523,-0.000416420299249221,-2.19072573642166,-2.35798820675242,-0.0204683469792617,-0.0229477108820604,-0.00422095143926424,-0.0153810533377442
-0.0356619793679745,0.0168917506181694,0.0264788431154505,-0.0383997478086123,0.000197606478889607,-0.00291432691608694,-0.00115421716538369,2.33526618450571,1.98086684358813,0.000130545360896112,0.0124128785373357,0.00480894717747721,0.0048354978653951
0,-0.0366002142534293,0.201658266266106,0.131031557326927,-0.000365264826627007,-0.00139190563206636,0.00123446120557647,1.46373693059368,0.790511075709744,0.00646849363182935,0.0128664713824384,0.00695005474394415,0.00577621042224991
0,-0.650112074118813,-0.201955749268497,-0.12350849401777,-0.0010605623139979,-0.00212319507750456,-0.00336755914616832,-2.13559241520358,-2.88753757931253,-0.0259145221852403,-0.030092129181857,-0.0076403829210467,-0.0258476523181462
0,0.396142249065494,0.560498458603855,-0.00988194546318512,0.0132038126603443,-0.00983769169636238,0.010331354403082,-5.58758650961285,-1.34419084532756,0.0225708758408536,0.016778894430681,-0.00416297830125931,0.00573630679024555
0,-0.377495002454408,0.47507973227974,0.069211427373672,0.00831033760963538,-0.00796333618572095,0.00837972936530607,-1.96268946148213,-3.85446098394929,-0.0359886369056558,-0.00625192632435974,0.0111966904429974,-0.00456021020307373
0,0.271306402183028,-1.00012205498495,-0.144582862296737,-0.00962850425606625,0.0114920857249823,-0.0153745471185574,2.38942204006186,-0.674616491747609,-0.0307490942371148,-0.0321467803388018,0.00496955058377611,-0.0172381285874734
0,0.147710550884577,-1.07700763873322,-0.150812084761419,-0.010079985099735,0.00697845122289344,-0.0143445941803921,-7.35451220546046,-5.23151226676244,-0.0178338197918387,0.0298522635645997,0.0279138048915737,0.0538891511101215
0,-0.398144407011566,0.775716786495779,0.112460888304954,0.00262478034765815,-0.0176653245670569,0.00471839991567591,-9.53139890296329,0.626423870865821,0.0754569276176435,0.0156186095504474,-0.0159635042419498,0.0358164733440721
0,-0.634357426948782,0.761331224334965,0.0815132463445155,0.0275754298568444,-0.0151209738512392,0.0192671562376042,-4.56616541801219,-14.7636689423029,-0.155108810036029,-0.0576791517283544,0.0255971907728793,-0.0404156732835273
0,-2.98851949837373,3.19473776436539,0.488123023224926,0.0740411327363652,-0.049909207992661,0.0751380384065335,-19.1947523222764,-44.8831862119495,-0.426147852860413,-0.0224865662384516,0.122853435058858,-0.0696535100556917
0,0,0,0,0,0,0,0,0,0,0,0,0
0,-1.2433537240606,0.162815049978339,0.136129561100149,-0.0243622612351907,-0.0262469097978502,-0.018347748664678,4.51602482343268,3.52694891869806,0.0132093852833701,0.0152502921753586,-0.00229202276387712,0.00913890411933626
0,0.67872350304203,-0.107294126575592,-0.0978240346524879,0.0130969356383352,0.0117872420745016,0.00977232889937316,-2.73453941562562,-1.90096983507497,-0.00433206332652624,-0.00181342185761563,0.000201491317512849,0.000402982635025697
0,1.28067756714421,-0.202452368859817,-0.184583333486274,0.0247124957293673,0.0222412461564306,0.0184393237365279,-5.1597790121709,-3.58692370705717,-0.00817413320279071,-0.00342173017791239,0.000380192241990267,0.000760384483980533
0,2.19940206987699,-1.00534438717261,-0.348233263506369,-0.0141525067429523,0.0293637656852096,-0.0108056114150683,12.5138255528539,9.20778180159506,0.0237761208956609,0.034156639439458,0.0237784831843513,0.038027364632886
0,0.412333734103891,-0.289532434001561,-0.0135946544486569,-0.0241557909624895,0.0139317119969707,-0.00775232361121758,14.3556180402334,-1.05072073061024,-0.0897696603675774,0.0505586322470711,0.0810061641114184,0.0478621718605607
0,1.1741186841507,-0.0277836717060163,-0.386926654777843,0.00213056427172405,0.00132699621566969,0.00161131396557766,3.03940595237452,3.36227957755539,0.0181621904702534,0.00514311094601031,-0.0101485345190217,0.0353585837601669
0,0.319210640088695,0.183062561853509,-0.14536040084895,0.00253816011131375,0.000577102317282407,0.00232956563670724,0.904886773511461,1.54555637385469,0.0271463933645249,0.00632431760545168,-0.00908886299953526,0.00657500945725663
0,-0.514874295496264,0.469995863063287,0.534380726614548,0.000204612913828154,-0.00668402185171993,0.00375123675351629,-4.07923125438284,-1.86047702113486,0.0233940764810198,0.0112537102605489,-0.000136408609218782,0.00968501125453297
0,0.488277435783599,-0.847850891478465,-0.287628084226908,-0.00506225428239359,0.00859049211557698,-0.00874389376049801,1.96983052243079,-1.06767544865028,-0.0394242227447015,-0.0339017635275449,0.00736327895620885,0.00153401644921017
0,0.634985545065706,-0.102943979680781,-0.0145476267327516,-0.00146293134463999,0.00854114354845888,0.00123912110332345,2.3804744909156,4.30651710135944,0.0350640102585129,0.0247634117869352,-0.00514927251629975,0.0155101754697155
0,2.29678314040801,-0.235177325100144,-0.0974202544920145,-0.0123989414808018,0.0110302271614926,-0.00322050428072775,1.42547570725712,8.88327798274539,0.0884028425059767,0.0546680601653536,-0.0152168827264386,0.048629614638989
0,-0.481873877376132,0.626436040588971,0.0346152294342544,0.0266462557515484,-0.0148173104412816,0.0127005518068128,-7.28849803933123,-8.0537685432986,-0.00672382154478323,-0.0129495822343973,-0.00385997162756075,-0.00473157812410673
0,0.237214366807725,0.300085816872212,0.0162000055380886,-0.000771428835147075,-0.0113142895821571,0.000771428835147075,-3.78051557811076,-0.657128796072783,0.0138857190326473,0.00475714448340696,-0.00745714540642172,0.00128571472524512
0.00840907714022495,0.929307405200086,-0.30499656798247,0.131786758367486,-0.0103729776243444,0.0112310093364397,-0.00510323074038356,4.71547539915073,3.29590265354957,0.00538758273296909,0.0219153748020984,0.0101161157181149,0.0178085458926384
-0.0129744445616514,-1.08351178230123,0.514690260804216,0.198285614222083,0.012507603009274,-0.0140968405150222,0.00744266843841394,-4.77093377247536,-3.2138039139271,-0.00635265136209516,-0.0097490520092741,-0.00700272506925711,-0.017312774388254
-0.0608347662099862,0.769979868915354,-0.446212795698137,-0.6069324002148,-0.00465588504044476,0.000534899855191394,-0.00842554860808735,-6.17240659925963,-4.08672220320278,-0.00495325515185738,-0.0141984858071317,-0.00625508261263129,-0.025896695682557
0,-2.77166691008736,0.544695934316462,0.623056490390099,-0.0101328305267635,-0.0225174011705854,-0.00180139209364684,1.73924406641602,-0.567213335487047,-0.0445844543177592,0.0400809740836421,0.0321998836739372,-0.00472865424582293
0.0804997761811988,0.067293807403404,-0.664101783513688,0.768281199932767,-0.006043264987159,0.00530584519095823,-0.0104292707185513,-5.47944651196633,3.99332015134386,0.107017787308694,0.0711423414023483,-0.0301041997649048,0.0256011405806899
0.119686109805288,1.88062784337049,0.358938643306058,-0.602021132320597,0.00514650272162739,0.00406932773337978,0.00359058329415863,-3.23128559252316,2.86265237432287,0.082344043546038,0.0523028299849107,-0.00885677212559128,0.0220222442041729
0.237726041118788,-3.48435058467807,1.81218561144852,1.72731741476911,-0.00261498645230667,-0.0351834540855806,0.0137881103848897,-8.84388418170114,-11.1274805326882,-0.0584806061152217,-0.0320930155510363,0.0175917270427903,-0.0646614831843102
0.00437222467680861,0.437022075685814,-0.252010035886027,-0.183303930065865,-0.0236454356130369,0.00550635389285351,-0.00921186746045262,-3.35632948084497,0.144507541867462,0.0187056384738156,0.00670561484568991,-0.0117563637811546,0.00528511649356422
-0.0813527749816394,2.23638778424527,-0.299134153607488,-0.0278226490437207,0.00911151079794362,0.00398628597410034,-0.020989015945263,9.44245388656892,10.2967393766511,0.0261955935440879,0.0803765416818597,0.0180603160459239,0.0423034429904525
0.214512837370356,0.0308898485813314,-1.01915049034656,-0.0729343647059212,-0.136001138892806,0.024668976297591,-0.0317478999308128,8.88683782657913,6.59519718495161,-0.00858051349481426,0.0411864647751084,0.0270286175086649,-0.037325233702442
-0.0530921871741166,1.03775081529412,-0.342552264152547,-0.328446078965473,-0.0213337861113443,0.0145394951505728,-0.00817016129306708,13.7326865116938,7.62124752210288,-0.00796917909140262,0.0582174960330694,0.0466227934347752,0.0409213528787283
0,-1.11412269786267,0.424978205934942,0.0492550468493965,0.0144669704368483,-0.0158389176346897,0.00760068601999788,-12.8935231614176,-6.79748245564837,0.016178392030383,-0.0370742858512745,-0.0395294554486698,-0.0222389566459675
0,2.94382067875824,-1.12291010052384,-0.130145472959687,-0.0382257419337021,0.0418508063354216,-0.0200831171659483,34.0682585297335,17.9608309343506,-0.0427477916924817,0.0979605294358962,0.104447767371661,0.0587614816339348
0,0,0,0,0,0,0,0,0,0,0,0,0
0,-0.915296221915423,0.307471995044683,0.0831811524897289,0.00557103604644979,-0.0116350409138839,0.00904550585845391,-9.06110723463371,-6.55675431322596,-0.018495404410918,-0.0339764326326145,-0.00850587824274862,0.0257820997677434
0,0.754903687644302,-1.24960989818593,-0.131740322339469,-0.024517162406344,0.0286895328249054,-0.0206920349378573,-0.0211550813663916,5.64336514370088,0.0517180777106756,0.0900234768038549,-0.0010249204399949,0.0535820771967351
0,0.531008442338505,0.142832892157621,-0.0412395609804312,-0.00392757723623152,-0.0104735392966175,-0.00235654634173893,11.8659963461027,5.25300363421848,-0.0805153333427466,-0.0234345441761815,0.0128300856383564,-0.0240891403822201
0,1.06856960264516,-0.481792798240612,-0.142689529504509,-0.00197153063218665,0.0118291837931199,0,-14.1654475922611,-0.0448523218822459,0.221057872133928,0.0495347071336895,-0.0704822201006726,0.062596097571926
0,0,0,0,0,0,0,0,0,0,0,0,0
0.110977513463535,0.380037212907267,-0.186407523044096,-0.545009052911572,0.00234937535078143,0.00676941247551595,0.00117370479249637,-1.76106176957295,0.244332657794301,0.00278018517134678,-0.00656844712774716,-0.0108611754314151,-0.00574424420882196
0.0375286034530143,0.316057197964962,-0.125042986597378,-0.0134069853044766,-0.0055616604032072,0.00109000205395502,-0.00279602484204964,-1.57302150372995,-0.388712218515043,0.0168345583786913,0.0199134235628592,0.00179254226793228,0.00699906657489662
0,-0.891614987751214,-0.241236626914596,-0.0081822697731721,-0.00833580816043907,-2.06013869052599e-05,-0.011439794534053,3.41411723717311,-1.22761799580558,-0.0599201850061754,0.0127247664661505,0.0191882249009173,-0.017977022597891
0,3.47010926342697,-0.325754427970579,-0.0601891565311282,-0.00972611662915189,0.0148006122617528,0.00958515841713517,4.74944599569048,15.2209496499866,0.200583535699755,0.0986707484116856,-0.0108537823252854,0.0383406336685407
0,0.91773177973597,-0.180909840443062,-0.0356210073430526,-0.00981681304729797,-0.00645104857393864,-0.0157069008756767,-8.76725549235542,-4.63241383683352,0.0316942821241334,0.014584979384557,-0.0109387345384177,0.0807783473606233
0.0620153744501629,0.467285846481978,-0.119999749561065,-0.0179844585905472,-0.00279069185025734,0,-0.00644959894281694,3.02008672034848,3.27590013995541,0.0135193516301355,0.0114728442732801,0.000186046123350489,0.027410795506972
0,1.37366180901886,-0.14413581811309,-0.0319746702226611,0.00224821900003086,0.00599525066674897,-0.00349722955560356,7.31645403243377,11.9135622832746,0.0804362797788819,0.0202339710002777,-0.0197343667780487,-0.0664473615564677
0.149160009916361,0,0,0,0,0,0,0,0,0,0,0,0
0.110285227390057,0.696671914283991,0.0692794191726262,-0.41725108072334,0.00466618234211039,-0.000451645740051165,0.00278891663414509,-3.22826111958492,-0.949563982553674,0.00778260031650219,-0.0162717755400643,-0.0158544041796984,-0.0144175993761132
0.010241912172138,-0.0600455817776773,-0.120932492389106,-0.762835282016964,0.00386654484784797,0.00567679068408389,0.00160475735933181,3.37978388262415,-1.36316440987427,-0.0411344840362898,-0.0249196965577827,0.00873890447066713,-0.00702057626531624
-0.0462431581131559,-0.411136469126903,-0.429768256537455,-0.231966332740846,-0.0038063786632677,0.00827308771421753,-0.00839763316205529,9.25540941547669,1.16433966196227,-0.0505605914411003,-0.0132492352118352,0.0282140498021772,-0.0132937052560894
0,-0.18009908783213,-0.0843570682320274,-0.00271070270668469,-0.00390341189762595,0.000325284324802163,-0.00552983352163676,-5.65181514343757,-3.10006804347287,-0.00824053622832145,0.00162642162401081,0.0129029448838191,0.027432311391649
0.0486663468524486,0.710197075506637,-0.207188730144854,-0.340565307756989,0.0020919050899834,0.00700447566320537,0.00137574783065611,-5.93153985917084,-2.25286163061729,0.0610285128160414,0.00977681435104697,-0.0138383013657182,0.00443089200438027
0.125643223511113,-0.986676234232767,-0.17275943232778,0.00879502564577788,-0.00502572894044451,-0.00125643223511113,-0.00791552308120009,5.52189403008989,1.49528000300575,-0.09372984473929,-0.015579759715378,0.0188464835266669,-0.0162079758329335
0.0378621989836141,-0.253889235065462,0.314518627500393,0.358184047175081,0.00028665290518221,-0.00599772071528402,0.00471497788772453,1.4346292203882,0.838562110327988,0.00273773341757058,0.00555767129923651,0.00376114957530384,-0.0348547946553136
-0.0586319431033911,-0.720003812711594,0.515165024514832,-0.390721885149019,0.00343398002367006,-0.0131176876951606,0.00303957929755657,2.94803292205618,-1.76865017866892,-0.0419411564537121,-0.0103298977998173,0.0217516618519751,-0.00246990041946778
0,0,0,0,0,0,0,0,0,0,0,0,0
0.0248814003176398,0.266079801321683,-0.284095841180133,-1.3248532396214,0.0117295796039466,0.0116177134502281,0.0053750757394126,-7.17223123552349,-4.63162289657659,0.00232693639350389,-0.0437942443354377,-0.0207127387785772,-0.0183671189745854
0.0915511695563531,0.197109668054829,0.0306696418013785,-0.00251765716279971,-0.000595082602116306,-0.00178524780634887,-0.000686633771672637,-0.259913770370486,0.0969984641449564,0.00796495175140273,0.00114438961945442,-0.00288386184102512,0.0140531045269002
0.142784741280718,0.307415547977386,0.0478328883290407,-0.00392658038521975,-0.000928100818324676,-0.002784302454974,-0.00107088555960538,-0.405365880495958,0.151280433386921,0.0124222724914225,0.00178480926600898,-0.00449771935034262,0.0219174577865902
0,0.851893782967891,0.0402677417753131,-0.0199688391590691,-0.00148528555728613,-0.0034656663003343,-0.00346566630033431,-7.98126445794133,-4.23091842579384,0.0264050765739757,-0.00379572975750901,-0.00973687198665354,0.0361419485606292
0.0804429778448723,0.218767549274876,-0.240830548875314,1.48462320554199,-0.00983304972048021,0.00849674595656693,-0.00643196674835985,-0.887871653860061,0.528956871046934,0.00938163931821818,0.0119231544728725,0.00156730097554795,-0.000995778634802029
0.144267364132456,3.34274276876135,-1.24790904129039,-6.85582603205871,-0.0171180961043183,0.0287858200641979,-0.0140524370183803,8.16097569464379,9.92414541682981,0.0641486603613723,0.0278145505418022,-0.0245899548702803,0.0391004200469556
0.145852997418786,2.00387835362664,-0.59572723315383,-0.0785189812099413,-0.0315088054193548,0.0214963156525884,-0.012547493737629,17.4399321000314,14.548690722382,0.0381470030311635,0.0508626003089242,0.000402426320763865,0.0239566298686526
0,1.2353990752337,-0.886960467614505,-0.0559736931511129,-0.0484915920361587,0.0318226072737292,-0.0187526078577333,25.4522137902602,18.7944697399207,-0.0151536225112996,0.0198891295460807,0.0179949267321683,0.0212150715158194
0,-1.49599847246702,-0.0196919248831611,0.00117563730645738,-0.0114624637379594,0.00470254922582953,0.0129320103710312,35.620046929699,8.86459920001527,-0.0952266218230479,-0.0508463135042817,0.00117563730645738,0.0584879559962547
0,-2.22133348532728,0.766927546394019,0.0802598595063508,0.0224295230270273,-0.00918799738456542,0.0172950539003584,-22.592745098212,-13.2120700037879,0.0924204442800403,-0.0256723456333445,-0.0383734008414202,0.0418864586649306
-0.101621768728824,1.45756823355481,-0.134736742425942,-0.0705420194139248,0.00213447540048791,0.00421730340224622,-0.000218839360667604,0.0214200829059249,4.29872461007968,0.0728230515024954,0.052926736198412,-0.0153389315344963,0.0572228552310731
0.225891221236069,-0.0147958749909621,0.648646641779371,0.0840315342998176,0.00745441030079025,-0.00937448568129687,0.00553433492028366,0.687274040610738,0.494024100843281,0.0072285190795542,0.0156994398759068,0.00338836831854103,0.00530844369904762
0,-1.41298740815608,1.43042657099551,0.283178787059198,0.00498261795412079,-0.0278196169105077,0.0112108903967718,14.0854457381366,3.91467683928756,-0.0597914154494494,0.00705870876833777,0.0398609436329662,0.0012456544885302
0,-0.638126053142624,-0.27805310246324,11.1037035652423,-0.00833771506688935,-0.00639871156296157,-0.0108584196219954,-5.9959805351958,-0.147170365948117,0.0430458777871961,0.0296667536100946,-0.0188083339880992,-0.000969501751963878
0,-2.13172781177279,-0.311340744060469,0.117311536997947,6.91435760632485e-05,0.00438977740947905,-0.0053529536414405,11.2193639512016,3.23813868999569,-0.0508002702894569,0.0303237624805581,0.0381449591935328,-0.0524875751187756
0,1.0051721148972,-0.152108920455046,-0.0993991249177157,0.00651193278200115,0.0124095322826814,0.0077405993446429,11.2990634433659,7.13253226279149,0.00688053275079365,0.027767864315703,0.00749486603211453,-0.00786346600090706
0,-2.88891985186971,-0.498534594766491,0.167122392563767,-0.0179396918571275,-0.0198280804736673,-0.0267521720676463,-8.33282950191769,-10.4852777933369,-0.0459507896691337,-0.0276963663759162,0.00472097154134935,-0.00188838861653974
-0.0238673470306655,0.135503180453634,-0.21991518230829,-0.742381724040421,0.00331513349893625,0.00682052983188671,0.000898782429203504,0.992413882791492,-1.85749211621458,-0.0344778114227907,-0.0264711641715376,-0.00075892217183035,-0.00479704266048051
0,-0.659897370442591,-0.289019758176326,-0.00596685952364028,-0.00261050104159262,0.00671271696409529,-0.00540746644329899,14.5311675836652,4.18109034683081,-0.0525829495520799,0.00335635848204765,0.0344959066210453,-0.0527694139121937
0.0127377852736295,-0.903746536851395,0.391871863575463,2.76254902872693,0.0084152134966193,-0.00576732821859957,0.0130276350547702,-0.778030351553308,-2.11534411773648,-0.0364236907921376,-0.00510606521039286,0.00965766984449712,-0.00683662438393104
0.00575319074939396,-0.667792475073424,0.232647195650982,5.16894079957953,0.00387456122221302,-0.0020330341887299,0.00802857154660624,-4.49228326284667,-2.97429845976337,0.00480146922449403,0.0125383080121507,0.00811873409357391,0.0154586987327796
-0.0430467813797055,0.450170979735511,0.0423892478439183,-5.8487727964634,-0.001476654917764,-0.00983266450348878,-0.00784498040658723,-0.142576725791009,-1.18733172553759,-0.0332297164042962,-0.0341011939266235,-0.00891359637293331,-0.0288270363929003
-0.155284310315619,1.58158223502643,0.0453563436948417,-20.9502894358173,-0.00663954475217771,-0.0173984275257061,-0.0178732954289365,-0.455988110243484,-2.84157076565525,-0.0265521099600722,-0.0801075691936736,-0.0219990407865948,-0.0531363927423848
0,0.552764449707095,-0.595733620445342,-0.167576726370845,-0.00059061653268174,0.00712177651502215,-0.0110344908209867,3.7126524130574,3.88243181777886,-0.0115902151172156,0.00444459805500866,-0.0172051885709105,-0.0152251897537359
0,0.972722429963891,0.176177009691472,0.00130633584968716,0.00302759599388893,0.00764470172048834,0.00798295356510386,0.406225466409987,0.13802655498721,0.0508325682742119,0.00219119367520335,0.00622847290664722,0.0267618233063675
0,-0.155977072173372,0.439229431853459,0.34508681705558,0.0120015022567406,0.00458467362352656,0.0164250285781096,1.97891313231012,3.69616486782701,0.0588572425371984,-0.00449881050962985,-0.018001349178722,-0.0156990365939199
0,3.24473475447021,-0.871419130241188,-0.492297296218759,0.00403520962053492,0.0286007393129686,0.00683644869124244,-15.2327184112678,-9.28197400122603,0.215385279908298,-0.037533213211506,-0.0230602124716417,0.0571899159243411
0,1.57337639615014,0.226850503361224,-0.892098682993986,0.0145643608034464,0.019136240910696,0.0219117308591217,8.84422623950296,7.61412912206044,0.0512554723785647,0.00265464324626516,-0.00712844339919899,0.0268307486690525
0,-0.375535910718104,0.437314340140246,0.0984381567715429,0.00622310186486765,0.0143697079425126,0.0253449966860064,-5.16030921365489,8.60858653063137,0.169042076111132,0.104774405943044,-0.0213848409538179,0.0809003242432795
0,-1.03691373907772,0.300264596258026,0.162810136637685,-0.00133450931670234,-0.00453733167678795,0.0016014111800428,-5.89239243696749,-4.5343957562912,-0.0234873639739611,0.000533803726680935,0.0168148173904494,-0.0162810136637685
0,-0.374704204005047,-0.62197569010166,-0.0314160659659979,-0.00832213667973455,-0.00332885467189384,-0.0156040062745023,5.55096919209144,2.06305768290619,-0.084989820841789,-0.0402583361882158,-0.00561744225882082,-0.0571106629646783
0,0.323826028316654,1.1841427807392,0.0833236564089635,0.0140135240324166,0.0045449267132162,0.0306782553142093,-11.7840481076377,-5.20772852556022,0.143733307305462,0.0793468455348994,0.0193159385311688,0.0562434680760504
0.0437943126109932,0.415461876063349,0.107659661979216,0.0661832950102361,0.00165343833675363,0.00369178995149709,0.00271749071550603,-1.07970455698695,1.35908057046591,0.032129405181216,0.0128389037709984,-0.00279119823262932,0.00281325304363863
-0.0656609978225836,-0.189074521539762,-0.156854387651759,-0.0968016114822834,-0.00194164441593913,0.00241377583856954,-0.00410252800551503,4.95154065176093,-1.78318607554341,-0.0670787886460724,-0.0283554267113381,0.0196637842530475,-0.00537027962349635
0,0.357150646113748,0.210784914906185,0.0327205119767094,-0.00362872746893672,0.000374052135198358,0.00255263549132698,6.46570985402078,3.80529363629592,-0.000168898084835046,0.0194276414640304,0.0147621672524477,0.00695880118685542
0,0.0808154314283974,0.771151240740759,0.00962841523890529,0.0150472040962336,-0.017269777663326,0.0122887762496912,-4.8943623974289,-2.52368896678231,0.0039937235003171,-0.036021027515862,-0.0261949681277784,-0.00835090493261541
0,-1.61265949445515,-0.327736660963314,-0.0280361938687935,0.0081593899330777,-0.00301126764951977,-0.00297440719155881,-4.41728838026217,-3.67018925298877,-0.00721686880220132,-0.0265140213119356,-0.0247116678477136,-0.0269936215340347
0,3.59858996875183,-1.89266006684513,-0.325561096895407,-0.0356042426974521,0.0459781407495874,-0.0297128931863629,20.0357112503216,15.5292130927847,0.0528940727843443,0.0922124271300918,0.0334270048346583,0.0892667523745472
0,3.14056168316876,-1.24980276184301,-0.0839788417048666,-0.0691590461098901,0.0577354536720958,-0.0228471848755887,46.5347756597092,26.2282594914343,-0.00586616908967819,0.214887036127159,0.165178971735675,0.129981957197606
0,-1.04205987554631,-0.337990857752875,0.0146724713443109,-0.00366811783607773,0.00492575823701869,-0.00440174140329325,6.77826254760464,2.84708826099678,-0.00859387607309633,0.0169781454127026,0.00817466260611605,-0.0120523871756839
0,0.491496698066593,-0.751514306076016,-0.0779679771506018,-0.00466315652814605,0.0173469422847033,-0.00969936557854377,-8.0777062643157,-2.35023089018561,0.0249945189908628,-0.00186526261125842,-0.0115646281898022,0.00540926157264941
0.0833549760966729,0.483562876522996,0.279087809318822,0.124497952507215,0.011094217198872,0.00500452500537948,0.0159305766850502,-3.14287521327304,1.09910880586832,0.0698820184637126,0.0216868743578592,-0.0150689947689556,0.0178178084397704
0.0487207064651504,-1.40342384888601,0.257368959270156,0.291511102312519,-0.000732970696196738,-0.0101633862719332,0.00134231925428461,-1.08281605292319,-4.53486565214967,-0.0689702785292786,-0.00495322040787089,0.0147144455407057,0.00682833172327159
0.154950333877599,1.91171042273325,-0.221739434094954,-0.678539864036634,0.00662761735195411,0.0152746186556577,0.00779334645558412,3.53122913883308,4.43615366079506,0.0463907435178758,0.00701585793880323,-0.0193101261775238,0.0355988634353619
0,0.104578519905369,-0.149592752386375,-0.0144136481782617,-0.00177328794622147,-0.00509251923017447,-0.0126858291537382,-11.7140673592088,-6.91664143085428,0.0570180278092749,0.00636564903771808,-0.0222343027103153,0.00100031627735571
0,-0.794766307481546,-0.4435855684157,-0.00031790652299263,-0.00773572539282038,-0.00169550145596063,-0.0157893573086334,-0.080536319158129,-3.28863701151764,-0.0341219668012077,-0.029671275479311,0.00476859784488927,-0.0366652189851486
0.0844767714878475,1.61779128135397,-0.941491711301437,-0.113737446978036,-0.00857624830757662,0.00612620358130432,-0.0283159279319669,-9.4881781675932,-10.5982905114417,0.0186453541270398,-0.0328691064681378,-0.0178698941134258,0.0101672810135548
-0.156947116453504,0.386168380033848,-0.279915182194825,-0.0167933414605249,-0.00408062502779113,0.00627788465814018,-0.00831819717203572,11.016667418779,9.97132114964048,-0.065839315352245,-0.0213448078376766,0.000235420674680257,-0.0362547839007595
0,0.0709127476193668,0.411172197569804,0.0194781796036028,0.0152173278153147,0.0133912484774769,0.0322607349684672,3.32742090009672,4.0904177167566,-0.0441302506644127,-0.0383476660945931,-0.0136955950337833,-0.0170434071531525
0.0261088986050034,-0.162076110130865,0.0971883473759655,0.0491388452494307,-0.00461066381828649,0.00360528952287307,0.00434879862857352,1.46345699628152,0.205142817284432,-0.0102260978241385,0.00244363002228567,0.00317628745985408,-0.00707402380616487
0.14005522219068,2.32852910044265,-0.832120558901531,-0.0735067386967307,-0.0420184894996778,0.0228875163995553,-0.0338450730378486,10.4394501198647,8.52068815827045,0.018701457602591,-0.00484592047514073,-0.0168704885386744,0.00672011245577583
-0.261809648882621,-5.63309640535848,1.73841606858061,0.342185211089586,0.0725212727404861,-0.0578599324030593,0.0575981227541767,-28.3655045985387,-22.8146164229294,-0.0455548789055761,-0.0180648657729009,0.0201593429639618,-0.00183266754217835
0,0.617112463792446,-0.787935611966872,-0.158078526282807,-0.0097730809534435,0.00966721544634338,-0.0137952941741839,-8.09860095820731,-6.59961370022955,-0.0235331827701981,-0.0589081012285476,-0.0141151981739802,-0.0275386651166599
0,0.0174874896124998,-0.353247290172495,-0.0340625884626082,-0.00851564711565207,-0.00988423325923902,-0.0174874896124998,-12.2204098063419,-9.709358363114,-0.0177916198666302,-0.0541351852352167,-0.0228097690597823,-0.0039536933036956
0,0.995666697041719,0.0136677612843687,-0.147671246920243,0.00505112917031013,-0.00118850098124944,-0.00207987671718652,2.90439927292832,2.27003687418643,0.0106965088312449,0.0169361389828045,-0.00118850098124944,0.00475400392499777
0,-0.00392752004755456,-0.0665223708054554,-0.00859145010402562,0.0149736701813017,0.0243015302942438,0.0211104202556057,24.5411090171446,18.7838555674356,0.0360840904369074,0.0547398106627916,0.0147282001783296,-0.00540034006538751
0,1.12873312442147,-0.423234598239772,-0.0880663455178795,-0.00129034938487736,0.0122583191563349,-0.00903244569414148,5.40478969223191,7.96629451488657,0.0601625400699067,0.018548772407612,-0.0208068838311474,0.00661304059749644
0,0.0259700177894861,0.491864306776745,0.047241941908512,0.00561161188416027,-0.012136741982021,0.00482859627241697,-7.4462174624748,-3.88910804092698,0.00365407285480202,0.00195753902935823,0.000391507805871647,-0.00848266912721901
0.0406115013241636,0.156863740107953,-0.0589194267017769,0.104587917821635,-0.0139433981904888,-0.00021132568747222,-0.00726541497904326,3.12554828567076,2.55637484514468,0.0013627469468447,0.00604153860557512,0.00960053466363032,-0.00131775133214509
-0.0402630863266064,0.33933174608869,-0.193494984412903,-0.166040068280523,2.53089588791908e-05,-0.00398352959903945,-0.00743682224280764,-7.84560288456459,-1.68883918359025,0.125559721299467,-0.00443380401463124,-0.0318852854098203,0.00678953528624481
0.0298169417165192,-0.904564451515144,0.114934717001648,0.266891866837194,0.0102976478701301,-0.00222418755635253,0.00794959393706377,-3.36841344124328,-2.58589389178874,0.00296260610479422,-0.0258877954046634,-0.00922328654176286,-0.0124794698413103
0.113216799887282,2.22667468579288,-0.816063215695893,-0.523267458927234,-0.0200676520819234,0.022904701045416,-0.0143644246262066,9.03396273325285,10.1028785890453,0.038137562270145,0.00369965970969615,-0.00265724451745371,0.0280150266692673
0.0859446848760714,1.4655673932239,-0.423032159245024,-0.0505829792684404,0.011371892875655,0.019792792621408,0.00592363729746753,9.89724284295811,4.66966488869233,-0.0180112881251145,-0.0109801059949656,0.0201241499171328,-0.00196145288221011
0,0.765468348953228,-0.164101736593169,-0.00900351142798959,-0.00917338900210261,-0.000339755148226022,-0.0375429438789755,6.94170731097997,-4.04597418264959,-0.0660823763299613,0.0428091486764788,0.0061155926680684,-0.0443380468434959
-0.165494942910509,-1.45883792175613,0.916924731195673,0.0988832283890289,0.0534548665600943,-0.0183699386630665,0.032850746167736,-8.41020475629768,-14.2111334951968,-0.0757139363815577,-0.0558545432322967,-0.000910222186007798,-0.02929260489516
0,6.94775151038796,0.233891107315264,-0.389099952722627,0.0258681409012273,0.060358995436197,0.0592811562319792,-52.649211608427,-17.6754851099678,0.277004675483975,0.0592811562319792,-0.115328794851305,0.280238193096629
-0.0349850395871637,-1.48654197571929,0.345422358000645,1.17948326020814,0.00270274967385817,-0.0096939050515161,0.00534454565804176,-2.16341226329149,-1.33546142116424,-0.0062483755327715,0.00845452908938301,-0.000841371506248454,-0.0108131702690229
-0.0456333594040525,-0.0651465072784991,0.353686832388994,-0.0546744293885349,-0.00365975930263574,-0.00365867882430852,0.00286991079641015,6.4282909576578,3.30817776614776,-0.0196111895507164,-0.00725773501248211,0.0183185039180684,-0.009060237759822
-0.0520558308729972,0.742427382621083,-0.144524737525618,-0.0688709260188805,-0.00287853537750899,0.00789112432114562,0.000416486087545064,6.50412804032774,0.183555831433946,-0.0492221799431417,0.00259307725873031,0.0258844326926648,0.00441856827217102
0,-1.33286284104666,0.753015415974429,0.137948379205788,0.017368309261236,-0.0164291496593503,0.0118804222552809,-7.54159846218038,-6.34805059643127,-0.0264398805504886,-0.0410033950850356,-0.0106068149472451,-0.0365416974967629
0,2.12892520962419,0.14749976708183,-0.00559522925976271,-0.0204761581421104,0.0132142648475247,-0.00273809091435197,23.4215106339357,14.0185492917579,0.011428553381643,0.0936903282432609,0.0623808538748014,0.0601189526846846
0,-3.38606994531633,2.03421439572904,0.19492799017179,0.0523356151086944,-0.065419518885868,0.0294942237688829,-33.3748209247602,-19.5198538690572,-0.00487874378131895,-0.142148852901157,-0.109993496160646,-0.112432868051305
0.164375285347257,0.404034451383558,-1.28278472684999,-0.119665207732803,-0.0235056658046578,0.0106843935475717,-0.0302450525038953,-6.99581214437926,11.7156840878404,0.212044118097962,0.0718319996967513,-0.0649282377121666,0.0547369700206366
0.345900725518738,2.31200044936724,-2.06917814005309,-0.545831344868568,-0.0273261573159803,0.0390867819836174,-0.0415080870622485,16.8391391197032,29.9861338952194,0.233137088999629,0.0460047964939921,-0.0549982153574793,0.0612244284168166
-0.154388632379252,-1.40515766901825,0.513483840332187,0.25188451357678,-0.0019479784397919,-0.0164735083707017,0.0104879955619777,4.74376683581066,0.583564567867081,-0.0569148131469575,-0.0312256434869969,0.0164085230696205,-0.0406428388228929
0.0381560286720263,-0.151666820101992,0.293674576840955,0.270176987122961,0.00435099887587982,-0.00340025442515568,0.0044344980260134,2.90434038712372,2.61780499818557,0.029751412879173,0.0353244150893518,-0.000714441594596116,0.0296028949305464
-0.0658136250319774,-0.19044011195652,0.437714605823304,-0.318229747066009,0.0016818686530885,-0.0103282034465254,0.00173778371208593,-4.18455673926881,-2.28004003462253,-0.0169039967435464,-0.00326868551121862,0.00487247693035243,-0.014726940669256
0,-0.395253169098985,0.37429971314733,0.087706815622776,-0.0037784920568559,-0.0114499759298664,-0.000114499759298663,-1.80932519643748,-2.10393307711293,-0.0194649590807727,0.0219839537853433,0.0187779605249808,-0.00366399229755723
0,0.720734196988902,-0.625765659636375,-0.1273091743969,0.00975352545782703,0.031827293599225,0.00462009100633912,2.8449493730146,5.15037478517782,0.0616012134178549,-0.0544144051857718,-0.0462009100633912,-0.00205337378059516
0.105329224367988,2.47439413885278,-0.610382855212492,-1.09911045627996,0.00189592603862381,0.0225404540147495,0.00410783975035154,-1.19000957690953,0.8873987153003,0.0499260523504264,-0.00884765484691101,-0.0200125526299178,0.00052664612183993
-0.173615719490753,-1.4382326202614,-0.260423579236129,0.016840724790603,-0.0119794846448619,-0.00416677726777805,-0.0121531003643527,11.8074314668466,2.65458435101361,-0.0958358771588956,-0.0236117378507424,0.031598060947317,-0.0430566984337067
0,0.659474114449653,-0.577435534612116,-1.95046064089629,-0.00448442397825764,0.00316547574935834,-0.0155635891010118,8.8899748524271,3.25753833573551,-0.0205755923708292,-0.000527579291559723,0.00738611008183611,0.0424701329705577
0.0420139282400453,1.77814540252639,-0.410022949588661,-0.0532872181707097,-0.0205907368612891,0.0200534801524411,-0.00768722166127721,9.62887255183325,9.1000665890623,0.0329043571350848,0.0399903606248748,0.00890673524890919,0.0279329813737711
0.248031616199892,2.06672661798171,-0.970539360676806,-0.107582831413848,-0.0348806007647768,0.017841275825204,-0.0369054433185815,-4.29422988202875,5.07689364187776,0.0707650242869097,0.0667435159061777,-0.0156718357832904,0.0517877614207623
0,0,0,0,0,0,0,0,0,0,0,0,0
0,-3.37809317803743,1.66374077994015,0.250446423914526,0.0408537726325808,-0.0428314119613581,0.0275192292165345,-19.2438404462077,-14.6158131335115,-0.023234224730202,-0.0590225047919646,-0.0343035113110214,-0.062062917415442
0,-2.4144035239343,1.51109067863154,0.100252292213707,0.0527510239501491,-0.0508704369341285,0.0282266384192844,-12.414860672833,-15.1247565280052,-0.0611162025423521,-0.121700822726963,-0.0420741917846665,-0.047657006354496
0,-0.398050127884606,-0.00248498944763373,0.000451816263206136,0.00632542768488591,0.00564770329007671,0.00745496834290124,16.1650822649891,-7.74887482211683,-0.107080454379854,0.0508293296106903,0.118827677223214,0.100755026694968
0,0,0,0,0,0,0,0,0,0,0,0,0
0.00705288216674961,-0.550490130183763,0.278064814746407,0.0844437062606404,-0.00292473176056633,-0.0101076154684568,0.00318006040501103,1.00756263057517,-0.763709287760943,-0.00976101215125762,-0.0192830807408554,0.00610018555162531,-0.0190866487564599
0.00904750915962383,-1.37251010828882,0.0337337242993412,0.0998861666220864,-0.00340024735772556,-0.00153823024874215,0.00144220115862698,4.56828148644224,-1.15427754603723,-0.0972639624463662,-0.0416146942304,0.0102867787987526,-0.0251878043802789
0.0357531687292271,1.19875380658016,-0.283890761525181,-0.181978145016918,0.00383060554972102,0.0120571475700934,0.00282504106494245,-6.70553631569201,-2.11898774599123,0.0491311227419577,0.0021388646984022,-0.0163008741037606,0.00840877853728718
-0.0397809999201934,-1.40885215279912,0.104954783193747,0.0612349233032797,-0.00327873200283021,-0.00972366635260984,-0.00388368703234414,4.95325943746558,0.322030661793291,-0.0698349398784295,-0.0239259340598198,0.0151845837452864,-0.0355616090666705
0,14.0931305184813,-4.19242481311919,-1.73240694756991,-0.151585607912368,0.0259861042135487,-0.0346481389513983,-206.502908150334,-125.746758289362,-0.238205955290864,-0.0173240694756992,0.103944416854195,-0.134261538436668
0.0808460010008753,0.757031283418272,-0.192119934393459,-0.0222308771056932,-0.000536967634322776,0.00790193181135064,0.00111601301725909,-1.44867288790455,2.23976610261733,0.0980164659556438,0.0474946670708432,-0.00347005805872958,-0.0122967101242762
-0.23515967725847,0.408129880911976,-0.423826931993903,-0.0267880160123649,-0.00601699026777637,0.0113587822964282,-0.0104505061033074,0.569872795622238,1.56732736877971,0.0213022855734014,-0.00492964744038562,0.00458137646681139,0.0333525310830861
0,-0.228440276496804,0.0305035617118953,0.00291578163422529,-0.000336436342410599,0.00504654513615918,0.013793890038835,-2.55534616605606,0.246495693539509,0.115285519999369,0.0169339625680008,-0.00975665392990772,-0.0084109085602653
0,-1.22451310891399,0.042315787781045,0.0125023918443997,0.00745334898416136,-0.000721291837176906,0.00168301428674611,-3.68051181450136,-8.24965517240466,-0.11492583272352,-0.0791016714770673,0.00120215306196151,-0.00360645918588453
0,-0.695385817891632,-0.0469278772810304,0.0085323413238237,0.00025095121540658,0,-0.00100380486162632,3.87242820493893,2.10297118510714,-0.0685096818059962,0.00200760972325264,0.0035133170156921,0.0712701451754686
0,-1.1747486370812,-0.0914976381144868,0.207650156510843,-0.000410134848488541,-0.0049685270624163,-0.00239821355457756,3.85812407180577,0.233293620250812,-0.0232422493201795,0.00754181781147547,0.0100933369173339,-0.00654940657691043
0,0.38247940009428,0.17376761639212,-0.0347816274388607,-0.00543752312942411,-0.00153921390387835,0.000931529151438983,1.66504533112968,0.782562458668088,-0.00447894308028938,0.0176340332457121,0.0139902522671098,-0.00984495553691487
0,0.137127369857596,-0.533159363474583,-0.158780382446317,0.000616162800779498,0.0075986227246288,-0.0127098588426516,0.745598435449616,-0.639741021565556,-0.0209554837907048,-0.0249454293432065,-0.00524235983885118,-0.0112322276569737
0,0.399099131789694,0.229360531629352,0.0377121329623787,-0.00111911562442596,-0.00362855889769156,-0.00552362472882957,5.59952042069593,4.4391654883192,0.0202345382679767,0.0163814158315072,-0.00219761930763204,0.0158589079634149
0,0.64820446166221,-0.268911538460748,-0.0736199460316717,-0.00719173599378643,0.00410796716664672,-0.0171600022503097,14.2547443177376,7.66627013385373,-0.0250132816187416,-0.00183315924746818,0.0094417358680062,-0.0338260480765268
0,-1.73872303469294,1.31722287338682,0.161793576146624,0.0220374008889367,-0.0279884289770884,0.0401694395950238,-18.1414301722888,-12.9348385040393,-0.0222233705166914,0.0150635398481339,0.00948445101549175,0.0190618868448609
0,-0.292429569591237,-0.664682433769058,-0.0434934617939722,-0.00588440953683155,0.00281428282196291,-0.00818700457298301,6.11441319655378,4.9922818822693,0.0243051698260433,0.0440051495797837,-0.00102337557162288,0.0232817942544204
0,-1.56041794621846,0.256645382762235,0.124574989629825,-0.00321295811197032,-0.015688836472811,0.0054927138874857,4.29566126442035,0.858750442858404,-0.0413907930629546,0.00641635656395793,0.00973991017300173,0.0716473743277098
0,-2.86988999192598,1.002600435871,0.279233341331919,0.00548679428002176,-0.0295100557222793,0.0133462563568097,4.90593554502595,-5.91550569254995,-0.167717954883909,-0.0320310152563433,0.0600581536056437,-0.076518536445709
0,-0.531413140650595,0.998333122643051,0.241718261312209,0.0136327002041593,-0.00471901160913207,0.0167787079435807,7.33806305220037,1.12705727264771,-0.0340817505103983,-0.0212355522410943,0.0191382137481467,-0.020449050306239
0,-0.97968125621524,1.18294061043294,0.0890881424869068,0.0245064469624177,-0.0147038681774506,0.0472830270804295,-3.3983234158355,-7.86397467466948,-0.100043965834811,-0.0204700909921371,0.0149921793181849,0.013262312473779
0,1.69762705538666,-0.513250895456527,-0.409663132222999,-0.00148074302597964,0.0150179908402616,-0.00673522297946053,10.7606421853262,5.36447718068472,-0.0328077650915739,-0.0475548069898187,-0.00252050895420483,0.00635187462118348
0,-2.04139139883802,0.628406572872916,0.176914606036233,0.0169874935815023,-0.0195603011573075,0.00278118706710946,-10.0849297849533,-8.49585963230394,-0.0166425842876635,-0.0182620056998213,-0.00715614222337216,-0.0275811782381479
0,-0.312231559779008,-0.58607805355924,0.0508174182698247,-0.0114688885372628,0.00879205847741276,-0.0119299599780049,-1.43854805131295,3.18043433044678,0.0461795076385493,0.0209581331867379,-0.010758329107221,0.0252826284167076
0,0.358432131650617,-0.705603798110405,-0.398669868336098,-0.0077605622800984,0.0100372948182852,-0.0064367811863163,9.82756098711867,0.0725317798341889,-0.0834379889724315,-0.0216433122885697,0.0241257680800839,-0.0169950729808038
0,0.454713733438723,0.425791821761268,0.0359846434969421,0.000317202964251252,0.00236916602217851,0.00672921572074577,5.26141840597107,6.99607854393178,0.0468546670180796,0.00545256853325178,-0.0118928796292644,-0.00379896673160202
0,0.64646398005766,-0.788873045952745,-0.101889548313344,-0.020042361707275,0.0150745854919033,-0.0118161877829758,1.76069098341391,7.72636668975877,0.0799914252946419,0.0322180705937717,-0.0216879684266826,0.0246681995367999
0,0.58960586208386,-0.190161820190433,-0.133426894968618,0.0329800058773373,-0.00258022144329935,0.0058945508556632,-3.30687188367723,1.44922367585634,0.0502808854592833,0.0106081405786266,-0.0108637031066724,0.0149251494207904
0,0.102809044608697,-1.06982045947336,-0.120317709471071,-0.0278473160897981,0.0106699015365663,-0.03670907026632,-5.20739104717532,15.3366858645283,0.228659923959417,0.0499693813425971,-0.0598303951030557,0.0322430535470407
0,1.67258871427958,0.285796063074126,-0.0531759434354356,0.000753667519558536,-0.00726519093507977,-0.00448777492626927,0.279673563450834,0.335971632144129,-0.000102186328923106,-0.0185773622204114,-0.00932964752565032,-0.0184223688888064
0,-4.82289423550749,1.18015531198607,0.287542378646333,0.0208829660469404,-0.0107092133574053,0.024095730054162,-4.98299697520069,-10.4725397422067,-0.0792481788447993,-0.0840673248556318,0.0187411233754593,-0.0851382461913723
0,1.52760816173223,-0.20959086339556,-0.171623993878824,-0.00858978948342462,-0.00154616210701645,-0.00446669053138081,-2.31993034368332,6.61723022645099,0.0790260632475065,0.0606439137529778,-0.0271437347676218,0.0829773664098818
0,1.34799226667237,1.63530855797021,0.0770167280840043,0.0175582178015347,-0.0259382762977217,0.00638480647328533,-0.853967865801913,-11.703350265532,-0.117320818946618,-0.158423010618392,0.01197151213741,-0.12011417177868
0,-0.857581298918804,-0.828964079029769,0.158536708645016,-0.0761478948246027,0.0301289944735276,-0.0270572244409847,8.32927254470271,16.5724640539714,0.128956040851692,0.0634365649556516,-0.0366577660511552,0.00774506032306921
0,5.11337190058201,-3.71232014227111,-0.813544054325862,-0.28021035166218,0.107413968137169,-0.0934034505540599,42.569323115892,34.7007829325916,-0.0074722760443248,0.0945709936859856,0.00443666390131782,-0.0270870006606774
0,-0.230056178351559,1.64301315434658,0.424917195089633,0.0128762786390798,-0.0248941387022209,0.019743627246589,10.4121881168479,-19.1779294050454,-0.347659523255154,-0.0914215783374664,0.122324647071258,-0.0721071603788468
0,-0.717426349440847,-0.0374442090104108,0.065732780707931,0.000821659758849151,0.00739493782964223,0.00199545941434789,4.08012760251372,2.21495994992618,0.0100946770372894,0.0313404508018171,0.00516471848419457,-0.0235933730755252
0,-0.614730732964924,1.05026576446368,0.211842691611831,0.01233330738836,-0.0249084443333545,0.0181372167475882,-18.2745759357566,-6.95163243501562,0.0309541832492172,-0.00411110246278666,-0.0178953871909537,0.00459476157605569
0,0.163852582543027,-0.392155345417963,0.221421084590571,-0.0118608663032717,0.005714287695127,-0.0102986860261777,-7.00391443651942,4.93756517726946,0.126475546039783,0.0423468983351298,-0.0385863120678633,0.0435196555412776
0,-1.15681574942089,1.66601289604842,0.722610656611126,0.021143134116022,-0.0235657849001495,0.0333665085268472,-11.4617811006877,-19.3373783179255,-0.137210130773768,-0.02169373656696,0.0296224118604683,-0.00286313274487798
0,2.45259018551943,-1.36745849276912,-1.57332768395635,-0.00169905797403494,0.0226541063204658,0.00821211354116886,-8.36729416946404,-5.95123373038636,0.00736258455415139,-0.0433259783378908,-0.020671872017425,0.0639978503553159
0,-0.970522167088108,0.190846467880591,0.113772533039051,0.0035752621230858,0.00119831923732627,0.00371840851415487,-5.68054341422025,-1.98774977437,0.0178405872752783,0.0118656994014076,-0.00441175490075035,0.00964549448645781
0,-0.416419815918523,0.516864769607564,0.0854930779345398,0.000496819703276201,-0.00964268568560236,0.00479924705861302,0.744083498902866,-0.522117807349638,-0.0371503469933507,-0.001149458461545,0.0145507817647559,-0.0372823270689806
0,0.21852556351246,0.0979198234806891,-0.0268527175502599,-0.00115744472199396,-0.00462977888797585,-0.00115744472199396,-2.3378068494834,2.48295041762144,0.0506960788233355,0.035649297437414,-0.0229174054954804,0.00995402460914806
0,-1.27832401289092,0.447750125971173,0.202036821301882,0.00448304791995573,-0.0036475063454724,0.0083788958981484,15.0172886587243,1.26107688397967,-0.124641506850107,-0.0469131079191407,0.0492997682181597,-0.0429633050799347
0,0.742076062772267,-0.180217915176245,-0.162808524083904,-0.0037321062458744,-0.00432651524806927,-0.00793419266518368,0.106195795156248,-0.58686339901821,-0.00654086288516489,0.0136206644893147,0.0083322435385076,0.0250435920818198
0,0.433797736812796,0.0165073475070353,-0.102115219462127,-0.00191945901244604,-0.00518253933360418,-0.0049905934323596,-1.33671125626739,-0.698299188727855,-0.0034550262224028,-0.0044147557286258,0.00191945901244598,-0.0051825393336042
0,-0.107431772676796,-0.423231216080213,-0.0389752477618142,0.00249841331806502,0.00699555729058204,-0.00549650929974304,12.4011243455475,8.00691500173476,0.0329790557984582,-0.00549650929974303,-0.0224857198625851,0.0359771517801362
0,0.198206773433684,0.0504238031615295,-0.0475696256240842,-0.00158565418746947,-0.00665974758737179,-0.00792827093734737,-3.23917437416264,-0.715447169386226,0.00697687842486569,-0.00126852334997558,-0.006025485912384,0.0187107194121398
0,0.947156545283611,-0.454690089178934,-0.100622504629477,0.00343421517506748,0.0133934391827632,0,4.34428219646036,5.32646773652966,0.0432711112058502,-0.0518566491435189,-0.043614532723357,0.043614532723357
0,-3.16051337095708,2.14362297663107,0.212937097534942,0.0521122653493354,-0.0621532191441006,0.0151139871431146,-14.817258138563,-19.7032545900241,-0.102808051871701,-0.0612961878704155,-0.00130791307932281,-0.0298296584251805
0,0.632788702322765,0.0570559882696833,-0.0370088510667376,-0.000523372084925776,-0.00110159790152502,-0.000419538541154362,-3.18422643340347,2.05819755147197,0.0445389461378026,0.0275574860516133,-0.0184516587435789,0.0537052431597027
0,-0.316206500526963,0.389409149581069,0.0276168148820269,0,-0.00880361347767666,0.00458270290618787,-5.61260508563114,1.98358677370995,0.0676551665887209,0.0494449524088691,-0.0223105273064409,0.0354556488005061
0,1.98944477875447,-0.628717861670281,-0.14840099547782,-0.00307566830005845,0.0125589788919053,-0.0020504455333723,7.40518404377406,4.73140306825658,0.0120463675085623,-0.000512611383343075,-0.00435719675841613,0.0102522276668615
0,-1.03484526147281,0.138455432721491,0.0985850287429527,0.00317376350077916,0.000198360218798698,0.00119016131279219,-0.95649297504732,-1.53233269021994,-0.0117032529091232,0.000198360218798698,0.0091245700647401,0.0107114518151297
0,-0.186754036387607,0.19475948772348,0.00848338872905957,0.0377570540617299,-0.00358453044889841,0.0340530392645349,-34.8903855773976,-24.0217308032927,0.0359647888372807,-0.104548804759537,0.00489885828016115,-0.0071690608977968
0,0,0,0,0,0,0,0,0,0,0,0,0
0,-1.010856239813,0.152417219352357,0.00849459025052944,0.004368646414558,-0.0228140423871362,-0.0104362108792219,-36.7024547441732,-17.7752941531007,0.0584913214393599,0.0186880985511648,-0.0206297191798572,0.0567924033892539
0,1.64007963766215,-0.0177492696505122,-0.260505873587384,0.001492195236105,0.00424097593419317,0.00172780501022685,-9.32488510360292,-4.34103155160358,0.0197126844348609,0.00722536640640318,-0.00612585412716791,0.0117019521147182
0,1.0645105927351,-0.245025747255987,-0.0556071090065577,-0.00465238760612635,-0.00177233813566718,-0.00886169067833589,1.77034425526455,2.50652920836731,0.0276927833697997,0.00177233813566718,-0.00708935254266871,0.0516193482013066
0.0395171711999921,0.534413462982467,-0.460723040648203,-0.151630421471075,-0.00495039705522301,0.00718467372880038,-0.00776052305148773,4.04333100824607,3.02143642519017,0.0163116974558092,-0.0069071214607973,-0.0105924904765419,0.00784398585198299
0.0606717886926426,0.308574668994005,-0.272179121235951,-0.0312825362500293,-0.00947293409676045,0.00800662284172965,-0.00420351111421553,-2.00860677960613,-1.05362214375287,0.0183713109942025,0.00490865708365604,-0.0021551838672183,0.0060857856576212
-0.0877317693918698,0.0276632275759736,0.0484718564830722,0.0477413467775663,0.0135326427972,0.00201334797578862,0.0108809851347847,0.15482943812299,0.121356888271195,0.0438177782915848,0.00497353153010115,-0.00294940703184849,-0.00192885936059354
0,1.58824671873197,-0.242078873897243,-0.137976696043821,0.000642606036132234,0.0154225448671736,0.00697686553514996,-7.23069491942219,-0.463777956362863,0.100613745085847,0.0233174190253696,-0.0167995578017427,0.0223994104023236
0.0753750815933204,0.408712505950285,-0.339673154295724,-0.074500667635684,-0.0123331035552846,0.0114885360828101,-0.00792879663712888,0.500366617014212,-0.32655963657002,-0.00297427313296711,-0.00846336105988257,-0.00597483874942098,0.00397310721153149
0,0.215799906223673,-0.375856799228442,-0.0312306132692232,-0.0340449999301125,0.0026328133279287,-0.0231505999524765,1.86675543616793,1.27255670405436,0.0013617999972045,0.0177941866301388,0.0050840533228968,0.0330463465988292
0.0745710229200839,0.384143327139061,-0.0867455280057924,0.0364448807798235,-0.00432776954000468,0.00733886122605941,0.000426273163295239,3.38962906233461,5.8521012754875,0.0509337129232497,0.0245870427030148,-0.0126739583104107,0.0141233249842331
0.0138980785555898,0.616066683240715,-0.415959610113561,0.0677111815634246,-0.0237575978361406,0.0186875174447192,-0.000566892510522134,3.08588932878149,3.37772231040021,-0.0124249568712735,0.0451552064471311,0.0205878372882233,0.0126508975033241
0.319669134220845,5.69522529527857,-2.33294534154373,-0.740034045721256,-0.0722452243339109,0.0530650762806603,-0.055622429354427,32.7596928749522,34.1077376139615,0.126269308017234,0.100056439011124,-0.0345242664958513,0.105171145158658
-0.179407730385173,-0.506042604629001,1.07428893865088,0.216421309599054,0.0189960043742085,-0.0215806744029413,0.0249745158055826,-3.92026689173211,-16.9716380312039,-0.185431447841772,-0.0341724348957825,0.0451913804515539,-0.0224470756766128
-0.0801609258677669,-2.04965172543822,0.379880662797607,0.437031513796552,-0.00622685206926486,-0.0123517589016832,-0.000155964989539786,-4.52743342868108,-2.745523711468,-0.00676227840191828,0.0144098018010707,0.00898717844633491,-0.0331761721785197
0.129803509921393,0.901225769384234,-0.0371238038375182,-0.0436139793335881,0.000259607019842787,0.00428351582740599,0.00103842807937115,5.88087782049864,2.6217712933923,-0.00869683516473334,-0.0123313334425324,0.00155764211905671,0.0411477126450816
0.228974991706009,1.58977336741482,-0.0654868476279186,-0.0769355972132192,0.000457949983412019,0.00755617472629832,0.00183179993364808,10.3739409742325,4.62483688247798,-0.0153413244443026,-0.0217526242120709,0.00274769990047212,0.072585072370805
0,-0.321307447538888,-0.00109338286083632,-0.0109071338248996,0.000103334458546959,-0.00275547929592998,-0.002451161179496,0.358464652544721,-1.41543608256163,-0.0195947548329214,-0.0117664793082968,0.00293897865271748,-0.0131575548023314
0,0.598525336355481,-0.119115989018216,-0.0955108656202587,-0.000925883889970693,0.00286981915465535,-0.00154004603352447,8.73152778496507,6.23379541109239,-0.0134123840108551,0.0162461963603928,0.00719331773193553,-0.0235671431577154
0,2.14635602349056,-0.672497023056222,-0.12347993898062,-0.00267990970756498,0.0188832200823627,-0.00913643924164744,19.0949624099361,19.7477139431939,0.0388687836167893,0.0281674305674128,-0.00391439382421144,-0.0184433852933644
0,0.569150289052027,-0.138294506219507,-0.0883538491287573,0.00245069252015355,0.00430119015375757,-0.00375036876703222,6.47642405302121,3.37119265736267,0.0099000185410079,0.0171691541024538,-0.000697862937934554,0.00551462761526205
0,-0.67063848530538,-0.226082341885768,0.0324527537459654,-0.00388190834281884,-0.00302788850739869,-0.00768617851878126,4.86224547571429,2.01292475208527,-0.0288037599037156,0.00737562585135577,0.0109469815267491,0.000854019835420142
0,-0.643719317584213,-0.203688181857386,0.0223087056319994,0.00420308946689844,0.0111543528159997,0.00274817388220282,-11.353676251103,-2.8139683980885,0.0800203571582586,0.0431624956793031,-0.0250568795142022,0.0460723268486944
0,1.38133290398451,-0.393054513998755,-0.28399808466552,-0.00589690973030177,0.00109202032042624,-0.00902736798219034,1.39611157898761,2.78239497509139,0.0489225103550961,0.0202387766052332,-0.00342166367066892,-0.024461255177548
0,-0.987484681672965,-0.0218333138183263,0.0345550872242803,-0.00636088670297697,-0.00808004527134913,-0.00446981227776759,3.35596944131928,-4.89255336973031,-0.148535300307354,-0.0450419544913504,0.0314606018012104,-0.024755883384559
0,-0.61724838018341,0.00725884731608073,0.0856132957908106,0.00016094464567135,-0.00157139708334927,0.00477292308751073,-2.3927282592672,-1.72359277060783,-0.0112954209731392,0.00378060188271805,0.0072574464844176,-0.00634637028243431
0,1.26332623576502,-1.11601813931799,-0.333398022435171,-0.00740273961912521,0.0171523385596063,-0.00970038747669461,6.90067418605598,4.54976817723876,0.0178380236480755,-0.00307638800414787,-0.00457644709279893,0.0302604197536787
0,-1.88940200938571,0.841157508355444,0.11142003081231,0.012145740695008,-0.0220428052818733,0.0185066313571263,-13.1203525506745,-8.02585908869179,-0.0100272988945484,-0.00122286430076685,-0.0107850602159994,-0.00068887766352804
0,0.0881894376767789,-0.095538557483177,-0.020669399455495,0.00306213325266593,0.00489941320426549,0.00275591992739934,-2.0944991448235,0.191536434954254,0.0431760788625896,-0.0307744391892926,-0.0327648258035255,0.0269467726234602
0,2.83710124731302,-0.918104275180875,-0.111920433739874,-0.0167954966966875,0.0179845584097274,-0.0673306195008801,29.4590039405617,0.452883879954047,-0.173751642817945,-0.00356718513911948,0.0518728172313624,-0.0361177495335847
0,12.7958202801105,-4.72103105524507,-0.644240444412983,-0.0750841381258296,0.164072746274961,0.0454212687427859,-20.8400196709247,-29.9641329002154,-0.119578442200396,-0.22988723771859,0.169634534284282,-0.0361516220605846
-0.0911628807269315,-0.908488231643974,0.188788438102063,0.0459043719841395,-0.00607734640228476,-0.00901748140427234,-0.00239425057180704,6.02185657842738,1.48522042442432,-0.0553848732756788,-0.00992120533802276,0.00668746065737555,-0.0148793917061355
0.0422469380949361,0.22444003607617,0.0489129995807831,-0.0290706711355033,-0.008648132987168,0.00020722976351187,-0.00144913185968999,1.56098340500709,4.26743353544233,0.0238105733103688,0.00802678377626766,-0.0201374062563476,-0.0101701587582893
0.0292771333598698,-1.3757433098133,0.363603981231243,0.0711603396161353,0.0131682399013273,-0.0133304248082025,0.00348666631467,-5.61125971431936,-7.36009554221972,-0.041097003098438,-0.0396856446367714,-0.000724026414759408,-0.0361110728141387
0.0687109908226822,0.321029862045573,-0.838907405099871,-0.135503469364112,-0.00438003088462988,0.0167276782183717,-0.0103652655704531,1.0837927169559,-1.45729488875724,-0.0244542881023706,-0.0284487441996314,0.00739504272890803,-0.00489514892560414
0.14143251661049,0.36701738060422,0.0761614101947486,-0.00834451848001889,-0.00155575768271539,-0.00452584053153565,-0.000495013808136714,-6.86852873667181,-0.189731721032972,0.0326709113370231,-0.00183862271593636,-0.0290643821634556,-0.0178912133512269
0,0.330657602594522,-0.271711103151951,-0.0365116377144284,-0.000733165415952377,0.0104109489065237,-0.00718502107633329,2.74570448274165,2.02485624577727,0.00982441657376184,0.00249276241423808,-0.00102643158233333,-0.00542542407804759
0,-1.19552747633988,0.194730179313004,0.0865065294717622,0.00904880015395002,-0.000361952006158001,0.01085856018474,38.2333523624758,12.1261161103053,0.00615318410468602,-0.014116128240162,0.00434342407389601,0.0854206734532881
-0.0560062821260487,-0.899337207179082,0.435890254359217,0.0433722767241583,0.0228100095103103,-0.0114479944073275,0.0116205100609104,-10.7740629696176,-6.1393021783451,0.0103692409985878,-0.0366958028131398,-0.0306197674231978,-0.0279177130477115
0,1.3933675909243,-0.524066564148947,-0.0592642709689878,-0.0196560314146155,0.00877768407800138,-0.0170335809812644,2.4323313707021,6.67515527194292,0.0457715683250534,0.0437383648973651,0.000389384648369876,0.0289116140373738
0,-1.33181506394609,-0.00635386297333287,0.00363077884190449,0.0349462463533308,0.0152038864004751,0.0174731231766654,-10.2406117235916,-14.7121427910746,-0.0319962385442834,0.0167923521438083,0.0106654128480944,0.0113461838809516
0,-0.0476725357618714,0.0309900445110588,0.0116429886854632,0.00173775950529301,0.00202738608950852,0.0013322822873913,3.93556187695393,0.684213842550701,-0.0256029900446503,0.00330174306005672,0.0172038191024008,-0.0318009989468621
0,0.463679305677743,-0.520792976459392,-0.0766849502089816,-0.00369269423157215,0.00455432288560564,-0.0116935317333118,-7.00602567575411,-2.49576894131189,0.0187096507732989,-0.0333573378918684,-0.0249872309669715,-0.00209252673122421
-0.138389022039503,0.530583510499455,-0.0628286160059344,-0.00359811457302708,0.0045668377273036,0.0112095107851997,0.00138389022039503,13.5556198758354,1.08151020723871,-0.0507887710884976,0.0258787471213871,0.0701632341740281,0.0218654654822415
0,-1.36777701318831,0.928191656291286,0.273811928481282,0.0063161873955892,-0.020919828249472,0.00968228799216477,-3.47177499628657,-0.905451802239004,0.00609380798102968,0.00693501006702942,-0.0170326202251329,-0.0293884501016593
0,-1.58119860888701,0.153565804669649,0.0470855986734529,0.00448979094364273,-0.00232174737213609,0.00387879379082891,-0.201367574850828,-1.91940300300805,-0.00669446001907803,-0.0370899913183369,-0.000429123310449424,-0.0158802770945706
0,-0.15484376672109,0.162366978959503,0.0315992380654628,0.000929585783090698,-0.00563418127741994,0.00409257973700915,-3.7524010320926,0.77713683395123,-0.0215459198659736,0.0165193888318389,-0.0159665003842658,-0.024441186131363
0,0.799552285668275,-0.568999236138746,-0.118366363869583,-0.00736818997941888,0.0118869429874002,-0.00978232512260997,-2.17111249657727,1.24696185936717,0.0174113325787055,0.0283597764126079,0.00694338353215751,0.0299534374535731
0,0.923157418776637,-0.0673657239178475,-0.0247206498174218,-0.000925289176729765,0.00433002793279809,0.00544327708996846,5.69543955891337,6.99476573197898,0.0415181549206104,-0.0295594470198204,-0.0225900733011093,-0.0116639458253976
0,-1.38423302415976,0.156214385171634,0.0236561210519769,0.00475921961992433,-0.0116180949545212,-0.0162373375268007,-3.69427424144245,-9.51172034156172,-0.0628496943925302,0.0212765112420147,-0.000979839333513835,-0.0502517601044952
0,-0.690996740344968,0.00130616906572344,0.0233216699227342,0.00281497487647888,0.00316248461997233,0.00235747391893046,-5.8903870010811,-4.44404007943128,-0.0444459542580046,0.0711455795339258,0.0713146036181201,0.0979328853164896
0,-0.918355873839145,0.0550625947786841,0.0306051801075696,-0.00815247155703817,-0.010558118901738,-0.00501176530145789,3.64575855089253,0.308925213181865,-0.020514825967301,0.021383531952887,0.0168395314128985,0.0212498848781815
0,-1.09932513037508,0.0172261283048076,0.017557400002977,-0.00430653207620191,-0.00861306415240381,-0.00977251509599663,2.60048283062961,-0.703124179364504,-0.0332928056660224,-0.0284893660425664,0.00993815094508131,-0.00596289056704878
0,2.01061014804862,-0.0629721299165118,-0.0442457239355083,0.00348825209450063,-0.00110155329300019,-0.0120252901152522,-41.55417026017,-13.9695316773976,0.145405034676027,-0.00394723263325074,0.0399313068712574,0.10629989277452
0,1.71762810168671,0.924905804700983,0.0386324291889845,0.0318149416850461,-0.0371174319658871,0.00946873264435894,87.0354542190301,31.9391714573401,0.0151499722309743,-0.0102262312559077,-0.0291636965446256,-0.115897287566954
0,0.649777959836635,-0.0468246398253938,-0.0113239772482699,-0.0135258201385385,-0.00370731473204019,-0.00751811758440949,2.20640318116401,1.98798601922689,0.00239329400269482,0.0204607023697171,-0.00857223202947716,-0.025708840836347
0,0.734213051918157,-0.195760810432671,-0.0220942847435342,0.00658811029279536,0.0102608797392503,-0.00333465184303655,5.1147215739235,-3.28266508682247,-0.05690595904705,0.0583793109719443,0.0608826568970137,0.0575315330673191
0,1.4177126681961,-0.305302160408595,-0.0415940427293404,-0.00428465468839273,0.0126197344691006,-0.000631751420185357,8.40329107718674,10.4279259219371,0.0463175902655473,0.0230450334162845,0.00738949568875037,0.0268370194879234
0,-0.599811601582513,-0.0898521624915713,-0.00133404622902016,-0.00222153768799152,0.0141655857452021,0.0360686726905129,5.26836177502781,3.5895813029235,-0.0269915667786745,-0.0927521844137005,0.0131638599699992,0.0179544623068445
0,-0.763007556556072,-0.381387784426325,-0.0125273359848063,-0.0218068441216998,0.0157751638327191,0.014383237612185,14.077245831371,-14.3943730219493,-0.283720961285521,-0.216676514996465,0.0631006553308762,-0.028070512114103
0,-6.88566855317129,0.654094316989314,0.0530346743504849,0.0942838655119732,0.17678224783495,0.612845125827825,13.9333875001913,160.86595278821,1.26399307201989,-0.441955619587374,-0.14142579826796,0.5274003727076
0,-1.06781231350879,-0.161146822091484,0.0258766966980999,-0.0131223059085152,-0.00944315471921179,-0.0147166047572132,9.50570028942996,3.12323144459957,-0.0971295913976071,0.00134902210274454,0.0403480247093595,-0.0583758655369457
0,-0.356066954780498,-0.171032765938122,0.000215406506219297,0.00193865855597367,0.00969329277986837,-0.00344650409950875,2.84164263004497,0.677022649047251,-0.0129243903731578,0.00323109759328945,0.0118473578420613,-0.000430813012438594
